/Xy_N=,_Epoch_N=,_Nt=,_p=,code,comm_time_gather_particles,comm_time_scatter_data,comm_time_scatter_particles,data_type,end_time,exp_number,particle_filter_run_time,particle_number,shards,start_time
50000,1000,10,100,tnbbvtprfxfnyqvwdzgu,"[215.61132907867432, 1323.3673601150513, 1079.355576992035, 1194.9515624046326, 196.67957091331482, 1233.7878484725952, 1116.6538183689117, 1093.3937051296234, 1136.9263308048248, 1184.7338972091675]","[1.0490765571594238, 109.92228055000305, 109.91751050949097, 109.93869543075562, 109.91150403022766, 109.92618370056152, 109.916015625, 109.92015480995178, 109.9289882183075, 109.9336884021759]","[16.282086849212646, 23.26314663887024, 23.250066995620728, 23.283199071884155, 23.208177089691162, 23.26640796661377, 23.244261741638184, 23.22809100151062, 23.187586069107056, 23.189784288406372]",synthetic,1568530748.152333,-1,"[48008.13659334183, 46898.11344408989, 47139.26458263397, 47027.54513216019, 48028.422144174576, 46987.79481935501, 47107.85675263405, 47129.09598374367, 47087.91780900955, 47037.84993004799]",1000,10,1568482202.412086
50000,100,10,100,xexnlxjimaorcztvfrup,"[201.13192129135132, 538.5198707580566, 502.24155831336975, 529.9721548557281, 476.0392744541168, 667.8962574005127, 526.6322619915009, 455.00652289390564, 515.7719345092773, 564.4668884277344]","[3.835395097732544, 179.66875863075256, 179.600848197937, 179.60907101631165, 179.58936882019043, 179.6275281906128, 179.62890648841858, 179.63806748390198, 179.62175369262695, 179.64741015434265]","[162.59806299209595, 231.22943687438965, 231.01665472984314, 231.49515748023987, 230.8849391937256, 231.35639142990112, 231.07359194755554, 230.91313910484314, 230.61912941932678, 230.6613414287567]",synthetic,1568531628.928805,-1,"[47824.92484307289, 47529.62280702591, 47592.4524140358, 47567.183134794235, 47615.39500451088, 47421.04799294472, 47565.38367533684, 47635.4905796051, 47576.243497133255, 47520.137392520905]",1000,10,1568482196.764778
